job_category,role_family
IT & Software,Technology & Data
Data & Analytics,Technology & Data
Engineering,Engineering & Construction
Construction & Trades,Engineering & Construction
Management,Business & Management
Consulting & Strategy,Business & Management
Administration,Business & Management
Legal,Business & Management
Finance & Accounting,Business & Management
Sales & Business Development,Sales & Customer
Marketing,Sales & Customer
Customer Service,Sales & Customer
Operations & Supply Chain,Operations & Services
Hospitality & Food,Operations & Services
Healthcare,Health & Education
Education & Training,Health & Education
HR & Recruitment,People & Creative
Design & Creative,People & Creative
Other,Other
