JOB_ATTRIBUTES_SK,JOB_CATEGORY,EMPLOYMENT_TYPE,WORKPLACE_TYPE,REMOTE_STATUS,EXPERIENCE_LEVEL
f96f71c43a0a3499001c15d77e17a796,Hospitality & Food,Full-time,OnSite,Not remote,Mid-Senior
77a24e75f1cd9f5e28bd262906a6a05e,Engineering,Full-time,OnSite,Not remote,Executive
2e708e98243f42ae9df2873a530733c4,Construction & Trades,Full-time,OnSite,Not remote,Unknown
6da796a577afa3ae525b4dea87b3ceb7,HR & Recruitment,Full-time,Hybrid,Not remote,Mid-Senior
f029f255a8fa7eeb560739ff1dfe3269,Construction & Trades,Full-time,Unknown,Not remote,Unknown
72561143c5467475aa93d2b50fa48edb,Other,Full-time,Unknown,Not remote,Entry
1f25f141a874c0079ef1280af25ff8e8,Finance & Accounting,Full-time,Unknown,Not remote,Unknown
5c0649b55d685651a8253706cd17892b,Management,Full-time,Unknown,Not remote,Unknown
bf665b85e2bfb6c6b0431129446354ab,Sales & Business Development,Full-time,Unknown,Unknown,Unknown
6ae8bef67804eda4c7154f3047e083df,Marketing,Full-time,Unknown,Not remote,Entry
0b446ea916ca1f2c0b766803520cc13e,HR & Recruitment,Full-time,Unknown,Not remote,Mid-Senior
2b7bb55cdb90d6f2246dba86b811c751,Marketing,Unknown,Unknown,Not remote,Unknown
5031bb0e5d6e7adf88998998942a6a08,Construction & Trades,Contract,Unknown,Not remote,Unknown
ac81455e9463dc3d0912a9c1e3dfd006,Engineering,Full-time,Unknown,Not remote,Entry
0cd062b55867b9529683034bfefd769c,Other,Full-time,OnSite,Not remote,Unknown
900ff0e8899282fea0da642f2418d121,Operations & Supply Chain,Full-time,OnSite,Not remote,Entry
9796785a6ae7c1e0d8a31fd9edc28905,Design & Creative,Unknown,Unknown,Not remote,Unknown
ad399617693aecf1be5596ca382a84b3,Customer Service,Full-time,OnSite,Not remote,Entry
c02a4f2f550002d5ea8df0df69a2e556,Data & Analytics,Part-time,Remote,Remote,Unknown
501013bbcd91079d009f8dfaf319abf4,Construction & Trades,Temporary,Unknown,Not remote,Unknown
cb1cde5d4fff76342c3ab405cecce1c0,Healthcare,Unknown,Unknown,Not remote,Unknown
169c30347ae2558fe2bad3f1e3921fd2,Engineering,Contract,Unknown,Not remote,Associate
6baebe5cb20f86be77df588840e5051b,Other,Full-time,Hybrid,Not remote,Entry
0b71001084a96aa0a86f90e91e3f7b89,Management,Full-time,Hybrid,Not remote,Mid-Senior
23649e17a04d430e67ed0393f83f6639,Consulting & Strategy,Full-time,Remote,Remote,Mid-Senior
12eeb0e62c5a683fd73a7e56afb27130,Sales & Business Development,Full-time,OnSite,Not remote,Director
fbfae878433cfb7e69192d88c2322750,Other,Full-time,Remote,Remote,Mid-Senior
c5ce7919e625e3cc484d289ded97f969,Administration,Full-time,Unknown,Not remote,Mid-Senior
c5d0e5e7a755c7fe856c8c416274ab94,Legal,Contract,Unknown,Not remote,Unknown
3a1ffaf9cab9583727b97eac97d8e69f,Data & Analytics,Full-time,Unknown,Unknown,Unknown
0a8b315d51e5c0afcd82af51a1170329,Education & Training,Volunteer,Unknown,Not remote,Unknown
c94d85b28dd2f64bbfc3029eef144470,Management,Full-time,Unknown,Not remote,Associate
36c13b7000a6101285a4d5a418252f88,Management,Contract,Remote,Remote,Mid-Senior
5452d2f3cf09b520e28e2b505c78cba2,Marketing,Contract,OnSite,Not remote,Mid-Senior
c352113a7d9ecc73181fa90880562d0f,Healthcare,Full-time,OnSite,Not remote,Mid-Senior
5f4df8bc6b8658801ae5337437bb572d,Data & Analytics,Part-time,Unknown,Not remote,Unknown
68f100a9f66892f9f9f44b7b51fade2b,Operations & Supply Chain,Full-time,OnSite,Not remote,Director
8c77ae62d90d278fdddcc811ef98ca37,IT & Software,Unknown,Remote,Remote,Unknown
dafc15d4782b687d9a6f2dc7fc618597,Administration,Full-time,OnSite,Not remote,Associate
2625535951874cdfcf8712c8c23c8e05,Construction & Trades,Part-time,Unknown,Not remote,Unknown
04ad575fad1a0af69d0f5f3cb668db25,Design & Creative,Full-time,Remote,Remote,Unknown
268fb4a62e1d06cde1ddc8a41e5a92c7,Administration,Part-time,Unknown,Not remote,Unknown
176c600683d9b79d8d92dd1008b9a967,IT & Software,Internship,Unknown,Not remote,Unknown
4e8304279c7dd98b38c0632320d85fcd,Legal,Full-time,Unknown,Not remote,Director
9a76c3038498c9983b2c384c85f2faf9,Sales & Business Development,Contract,OnSite,Not remote,Executive
14c01fcc3a783d7bbd4463f5fd1ed1b5,HR & Recruitment,Full-time,Remote,Remote,Unknown
35c82718ef26a49d206cb2ed314d059e,Other,Other,Unknown,Not remote,Entry
-1,Unknown,Unknown,Unknown,Unknown,Unknown
2375669f3805832433fd5baca916d72f,Hospitality & Food,Unknown,Unknown,Unknown,Unknown
500fc1a7c47bff5dad37d35c313de802,Other,Full-time,Unknown,Not remote,Unknown
c757026d8d979c42178fb00a31b56f62,Sales & Business Development,Full-time,OnSite,Not remote,Executive
7cb8361f90587c942998fef1379f68b2,Operations & Supply Chain,Unknown,Unknown,Unknown,Unknown
9bbc9e45c50a37641da7f4e3c0062267,Design & Creative,Unknown,Unknown,Unknown,Unknown
17f0f9a674725fe34a65b5456fc62a48,Healthcare,Unknown,Unknown,Unknown,Unknown
c566f5a263986b93c40cefeecc00909d,IT & Software,Unknown,Unknown,Unknown,Unknown
f02272cf60ec63935f0bbf629b922262,Engineering,Full-time,Unknown,Not remote,Unknown
5c23be5263d72f0029eb7875e2b9b810,Finance & Accounting,Full-time,OnSite,Not remote,Mid-Senior
8d0dc432414de1e1cff8f2f0e34040ba,Marketing,Full-time,OnSite,Not remote,Associate
2595e692a8cebe0db99e9cfe27e6425f,Other,Full-time,OnSite,Not remote,Executive
1469b80d3faf149718e41e78813af0f0,Sales & Business Development,Part-time,Unknown,Not remote,Unknown
9fb432953ed274d6dc828bd9732d4de9,Engineering,Contract,Unknown,Not remote,Entry
4b958486c63c3846bdd71c0114444d51,Engineering,Full-time,Remote,Remote,Director
42c686d5a59d0399b442422cfd178870,Legal,Full-time,Unknown,Not remote,Entry
abec23e0717c2be3ab3273ba8c5547e6,Engineering,Full-time,Remote,Remote,Unknown
ce82964cede64c4cfacf2dce3a52c7c1,Engineering,Full-time,OnSite,Not remote,Unknown
637fd1573b344a4fd1a9ae405d1c61bb,HR & Recruitment,Full-time,OnSite,Not remote,Mid-Senior
9e479afea954d33cb747903b7bb8ae69,Data & Analytics,Contract,Unknown,Not remote,Mid-Senior
92f485fc1143c4b0249751b4a26caa95,Marketing,Full-time,Unknown,Not remote,Mid-Senior
03a3f550369fdac09c4f619cd3b4c4a9,IT & Software,Full-time,Unknown,Not remote,Associate
0ea85d980643e322ea8ad17a94488fda,Marketing,Contract,Remote,Remote,Entry
1bd26de1ade16987b5d5d1cdfb6f8afc,Engineering,Unknown,Unknown,Unknown,Unknown
345bf69a01377c7446a6ea37d2b5fd36,HR & Recruitment,Full-time,OnSite,Not remote,Entry
517863a62dd002ee21ac6861cf6b11b2,Management,Unknown,Unknown,Not remote,Unknown
549ecf36976e69d4a8b76d1c9de350fc,Legal,Full-time,OnSite,Not remote,Mid-Senior
74bef5577d6f2bba6bd944e9f385928b,Legal,Unknown,Unknown,Not remote,Unknown
316daf179850a495849e245540c529e3,Data & Analytics,Full-time,Unknown,Not remote,Entry
bef03c6782bd9dce398d9167995a8208,Marketing,Temporary,Unknown,Not remote,Unknown
cc7fd909bbc6e1780b4a6210caf2c1c2,Management,Full-time,OnSite,Not remote,Unknown
1f9f70c834969c418ae1450082f041dd,Education & Training,Internship,Unknown,Not remote,Unknown
c472e607918074d8fa83240b7137b373,Sales & Business Development,Full-time,OnSite,Not remote,Entry
aa45174e6be9d1edb26243ba99259e4d,Healthcare,Part-time,OnSite,Not remote,Mid-Senior
0f4eca81e1f3bf0752fd9c7777b0b001,Other,Full-time,Remote,Remote,Executive
c7962b36dd55012af2fe624f113ec3a2,Finance & Accounting,Unknown,Unknown,Not remote,Mid-Senior
f4e5c1a507691404ae012094c23e5baf,Legal,Full-time,Unknown,Not remote,Associate
15d1d24b46cb7665af4df196d7617816,Consulting & Strategy,Full-time,OnSite,Not remote,Associate
9a5f8331112ded1d88260a85d1477bd1,Construction & Trades,Full-time,OnSite,Not remote,Internship
6ff160e31c02f4673ba3b2be7d5883a5,Design & Creative,Full-time,OnSite,Not remote,Associate
a3dd959d30e755d29b3e7a584d075ee9,Sales & Business Development,Full-time,Hybrid,Not remote,Associate
94a8d960e364c8b2b905cf3eeaa80156,Sales & Business Development,Full-time,Unknown,Not remote,Unknown
05d7a418cf250481a1f8078289613dbc,Management,Full-time,OnSite,Not remote,Mid-Senior
7c46cc337167cf2f68439a88fd3c8aab,IT & Software,Full-time,Unknown,Not remote,Unknown
3a6d8d7e2876054d9430de1ec25e93fb,Operations & Supply Chain,Unknown,Unknown,Not remote,Unknown
a2be874bed5990e1eade3c0054076007,IT & Software,Unknown,Unknown,Not remote,Unknown
ba4d60d02318a492522380824b0e2e9c,Design & Creative,Full-time,OnSite,Not remote,Mid-Senior
5ef50672cf90887326862a60d3dfef34,Marketing,Full-time,OnSite,Not remote,Entry
9ec41eecec487a3240d8a2010b5aba14,Sales & Business Development,Full-time,OnSite,Not remote,Unknown
32c040297237b4e82db08ba199809ef6,Other,Unknown,Unknown,Unknown,Unknown
09a1c907aff5c052b077f8babbcfa048,Administration,Full-time,Unknown,Not remote,Unknown
c2cd5c3243fc7cb51f375115e7291eb0,Hospitality & Food,Full-time,Unknown,Not remote,Unknown
ef5a670da05f8645d0fb7d9fa49feaa3,Customer Service,Full-time,Unknown,Not remote,Unknown
63b61e295679004d9e9c8e67c74924cf,Healthcare,Full-time,Unknown,Not remote,Unknown
66435e9109529663066aa68b9f94f72f,Data & Analytics,Full-time,Hybrid,Not remote,Entry
80dc215f80363e210ec5a8a41bbef1a1,Other,Full-time,OnSite,Not remote,Director
a66626cf8b3a0f1b05c6205561220f3f,Education & Training,Contract,Unknown,Not remote,Mid-Senior
71a373f012e2e37cf4cee6911d6adb8c,Administration,Unknown,Unknown,Not remote,Unknown
54b212cebacd27a8f9cb221cc349a11e,Hospitality & Food,Full-time,OnSite,Not remote,Director
9ba0360bb5a319621d0bfe91f144ef62,Construction & Trades,Full-time,Unknown,Not remote,Mid-Senior
6aeec650d75b0cc6d176e5ff57745819,Marketing,Full-time,Remote,Remote,Mid-Senior
3b794bc0d466a928225a2468eca044ba,Finance & Accounting,Full-time,OnSite,Not remote,Associate
9ca89bd003ac0c580cfc1515d462ef49,Hospitality & Food,Unknown,Unknown,Not remote,Unknown
320c3d7d4d9a23c260fd0615d4b438dd,Other,Part-time,Unknown,Not remote,Unknown
0b6475764af510e81f9e95e1db9b36c8,IT & Software,Full-time,OnSite,Not remote,Associate
7023f734ecf429dd76944545a0dba253,Engineering,Internship,Unknown,Not remote,Unknown
c9ccf1e3252706b31b6d60c4da6cd3d9,Finance & Accounting,Full-time,Unknown,Not remote,Executive
5591336c160258ed2a5d870cfd81ac7f,Construction & Trades,Part-time,Remote,Remote,Unknown
12cb6c5a6c472bb0ac0277d13bd029a9,Data & Analytics,Full-time,OnSite,Not remote,Associate
74f6eecc65308a4dfd94d1f229c688de,Consulting & Strategy,Contract,Unknown,Not remote,Mid-Senior
cf5988948e4ac102858e03efcec9736f,Construction & Trades,Contract,Unknown,Not remote,Associate
2e8996343d0d69b425afb62f4d36438d,Design & Creative,Full-time,Unknown,Not remote,Entry
3438a9c07f4530805be7f9685881daa9,IT & Software,Full-time,OnSite,Not remote,Mid-Senior
f8eb63abee42eca12ded1be266dabd1b,Other,Full-time,Unknown,Not remote,Mid-Senior
890766036d2d5ab7342694dd768fb947,Finance & Accounting,Full-time,Unknown,Not remote,Entry
60bb72053e0d2d4244cfa52269cc8fb6,Management,Full-time,OnSite,Not remote,Associate
b634c994040d97f957bf272cec882d44,Marketing,Part-time,Remote,Remote,Unknown
55acd922d8509c52b1425796b56f319c,Operations & Supply Chain,Contract,Unknown,Not remote,Associate
e721b98fc7bc043839a35c6b51b7465f,Finance & Accounting,Unknown,Unknown,Not remote,Unknown
cf25fa70e896bc0859f3493a17848a09,Engineering,Contract,Unknown,Not remote,Unknown
9f04cd5a006633feb7521d317abda304,Consulting & Strategy,Full-time,Unknown,Not remote,Mid-Senior
a74a7014786cc15d96542e5ce067393a,Data & Analytics,Full-time,Remote,Remote,Associate
fe7825315592e5201734a7533e5dad45,Design & Creative,Full-time,OnSite,Not remote,Executive
28116eaf405eaeb4227dd7c556b47745,Finance & Accounting,Full-time,OnSite,Not remote,Director
fa6fc22a0284eca07423a422043c2ae3,Sales & Business Development,Contract,Remote,Remote,Mid-Senior
d44888846d4c9e166fb63215318eace0,Data & Analytics,Internship,OnSite,Not remote,Internship
9d623f9138f8e21a14f1e0d6960a1462,Engineering,Full-time,OnSite,Not remote,Director
c82f48eacafeef05e223905f5edf3b30,Engineering,Part-time,Unknown,Not remote,Unknown
d509a2c109c8747d46d4e8116fcd29c9,Management,Full-time,Hybrid,Not remote,Unknown
42c9800d7d1e8ead4f59cf286fde2f5a,HR & Recruitment,Contract,Unknown,Not remote,Associate
b7ff35bcdd1740c73780992f204ac8cc,HR & Recruitment,Full-time,OnSite,Not remote,Unknown
274484091c9c74322c201aee59e6c34c,Consulting & Strategy,Part-time,OnSite,Not remote,Mid-Senior
c8097061cb670b86650f0d09eddab263,Consulting & Strategy,Full-time,OnSite,Not remote,Entry
735d03865f0a0b4de9b35320650c5eb4,Consulting & Strategy,Full-time,Unknown,Unknown,Unknown
e450ee21469523d9895ca860992e1eaa,Finance & Accounting,Full-time,OnSite,Not remote,Executive
44cded406691f6c19fc17ddbe41bd11b,Legal,Contract,Unknown,Not remote,Associate
875657357821cd43374276999dbe9e2f,Operations & Supply Chain,Contract,Remote,Remote,Unknown
f5241db2bd0bf8411838fc442e2f8e1d,Other,Full-time,OnSite,Not remote,Mid-Senior
e4adff59a90fed3af031988ba3494cd9,Management,Full-time,OnSite,Not remote,Director
b2cab87b4350a94cd46c12db8a4a5c18,Finance & Accounting,Full-time,OnSite,Not remote,Entry
e44d18fd3aba9bc40014f9fa502096ef,Education & Training,Unknown,Unknown,Unknown,Unknown
77b839d1bb5a5f24afc2d2b21e5a33ec,Management,Full-time,Unknown,Not remote,Executive
78c60cc3853f4d1355e06a5c708223b8,Other,Contract,Unknown,Not remote,Unknown
866c1118e1bc161d1e2b8afdbcf83246,Management,Full-time,Unknown,Not remote,Mid-Senior
ae845ade42517017d2c8ff33b3a4afa5,Construction & Trades,Unknown,Unknown,Not remote,Unknown
67813468d1462dbb674952ea7ebe8f40,Administration,Full-time,OnSite,Not remote,Entry
c1d3cc67b3211112e5a5ee8196505914,Management,Full-time,Unknown,Not remote,Entry
b8b10adf97c7e6ad7d9566901ff8bac3,Other,Part-time,Remote,Remote,Unknown
663078c06d5bddb7edcbfe82b7dc898c,Customer Service,Contract,Unknown,Not remote,Associate
f4817abd54af4c41f09da91833ddb3e0,Hospitality & Food,Full-time,OnSite,Not remote,Executive
130a62d6612b9ca0a88f005ccdff62da,Data & Analytics,Full-time,Unknown,Not remote,Unknown
f6fe8bdf6f0ab95e17a680bb78ed0bcd,Design & Creative,Full-time,Unknown,Not remote,Mid-Senior
0696697786d09fd1c2e04daee455892b,Other,Full-time,Unknown,Not remote,Internship
be808b8b7680a6b526c16f036951e575,Data & Analytics,Full-time,Unknown,Not remote,Mid-Senior
955036518fc360859bb66f7b3c7d46ee,Finance & Accounting,Full-time,Unknown,Not remote,Mid-Senior
93b8de52d85de1dbccbcada5f190bbb7,Marketing,Internship,Unknown,Not remote,Unknown
6fe240e4f6af7007b35acdde2f36c2c2,Engineering,Full-time,OnSite,Not remote,Entry
eb22ec4aa9cf3dc47b4062dfcb62de8b,Hospitality & Food,Full-time,OnSite,Not remote,Unknown
3059416a63ad0772ac54e3036cf5c48c,Engineering,Full-time,Unknown,Not remote,Associate
745361ca34755354e89bbabf98c59cf7,IT & Software,Full-time,OnSite,Not remote,Executive
80d95efec5e41dbbecaf0cd672963903,Other,Unknown,Unknown,Not remote,Mid-Senior
0ad4aaf9c3b3f9eaf090f18194275d9a,Sales & Business Development,Contract,Unknown,Not remote,Unknown
6fc68a76acf4ae4a7becd12feb2dd76a,Customer Service,Full-time,OnSite,Not remote,Unknown
0c44d86e1e13ed86c808ffbee5905baa,Management,Temporary,Unknown,Not remote,Unknown
e13561a29975cc9c81b13ec241399255,Sales & Business Development,Full-time,Hybrid,Not remote,Unknown
0b0d6e7a9ed3e275533a7b3467641bd5,Engineering,Contract,Unknown,Not remote,Mid-Senior
a9252eb57a7062a8e21379135e1e585b,HR & Recruitment,Unknown,Unknown,Not remote,Unknown
980718b9e83fdb455fc571e644cbdb1c,Management,Full-time,Unknown,Unknown,Unknown
340713d25d0e55418ce296fb62aedb43,Administration,Contract,Unknown,Not remote,Unknown
9586fed691291b76cdc06d1b2856096a,Design & Creative,Internship,OnSite,Not remote,Internship
de75b9670887e4935a5ae52a791c2b9d,Education & Training,Full-time,Unknown,Not remote,Associate
3aefbb119484142bf9ebb5800488c810,Customer Service,Unknown,Unknown,Not remote,Unknown
7390d24304b256cddb37abdc6ef0204b,Sales & Business Development,Unknown,Unknown,Not remote,Unknown
61fc022c5ac9a9ff4aa624682d14a40c,Healthcare,Full-time,Unknown,Not remote,Executive
9d3eddf80f09c6a396b92a073d5a709a,Education & Training,Part-time,Remote,Remote,Unknown
cb202619a9f1280c8d8a8354dd0c4489,Management,Full-time,Remote,Remote,Mid-Senior
cec62ade87d303c8476326929a723665,Management,Contract,Unknown,Not remote,Mid-Senior
86020e8202e14e48de7b6f8eedcb4dce,Data & Analytics,Unknown,Unknown,Not remote,Mid-Senior
91aa2705151dafcdd86d511b4c020038,Finance & Accounting,Contract,Unknown,Not remote,Unknown
d7cbb996d723d232ba93f2fd86082f10,Education & Training,Contract,Unknown,Not remote,Unknown
9e2edbc5562e22d4ace55ef4891189af,Other,Contract,OnSite,Not remote,Director
e497720992c9306277752a88585af035,Design & Creative,Contract,Unknown,Not remote,Associate
86992797f0f02434d7386c8c54dedcb0,Consulting & Strategy,Contract,Unknown,Not remote,Unknown
e4bb9ad81e78cb3b5f8de48e0f63c5cd,Finance & Accounting,Part-time,OnSite,Not remote,Mid-Senior
8b96b23c3adee99c76bd694e15e9c25e,Finance & Accounting,Full-time,OnSite,Not remote,Unknown
d1e3eaa318bebf489ebc8b9cd5c35ab9,Legal,Full-time,OnSite,Not remote,Entry
bbbf7e8e6d3223bbd48356a008abcfd3,Other,Internship,OnSite,Not remote,Associate
17dce6306ce2d9b262fb7069f1a2400f,IT & Software,Internship,OnSite,Not remote,Internship
b70e935c355bc5b66275bf7f3a1c39b7,Engineering,Full-time,Unknown,Unknown,Unknown
917670cd5ee63692498c7d191aa6ad24,Operations & Supply Chain,Part-time,Unknown,Not remote,Unknown
cfb37023897a30255fdb0a1efc8485e9,Construction & Trades,Unknown,Unknown,Unknown,Unknown
487a19f23e66817b131f7d3159ead628,Finance & Accounting,Unknown,Unknown,Unknown,Unknown
d9c24bad9b07e4ac6fedb8b6ca237eb0,HR & Recruitment,Unknown,Unknown,Unknown,Unknown
049f751c769ef541d5e81be56652adef,Administration,Unknown,Unknown,Unknown,Unknown
af59086cc27ce03aa1f85b54d73e01e5,Legal,Unknown,Unknown,Unknown,Unknown
18278bc91e78488f98e41f417a9382b7,Education & Training,Full-time,Unknown,Not remote,Unknown
bc95bc0e55c6244061212e6ddcacb843,Data & Analytics,Unknown,Unknown,Unknown,Unknown
4a703d2abc03a0b2c1d514e95c9739a1,Construction & Trades,Contract,Unknown,Not remote,Mid-Senior
d5df615b23047f8817cee3420a1fc3b3,Other,Contract,Remote,Remote,Unknown
ff7e7e8e5193b997fdceb1462c3835bf,Marketing,Full-time,OnSite,Not remote,Mid-Senior
55168f1275c2f54747073534ef8b55e2,Other,Unknown,Unknown,Not remote,Unknown
b40ff1d3cca30629379ff87a9e807968,Engineering,Full-time,OnSite,Not remote,Mid-Senior
e795f929f3a72bea6b271536f785edd7,Operations & Supply Chain,Full-time,Unknown,Unknown,Unknown
2c682f9adacb65383556f940361c2139,Operations & Supply Chain,Contract,Unknown,Not remote,Unknown
baf2e5b3af51904602d52adf6f3e9c49,Other,Full-time,OnSite,Not remote,Associate
0faf316c241ebfaf66209b44b2b4353d,Design & Creative,Full-time,Unknown,Not remote,Director
e9e70c9e372700b6ba961335fc90dfc1,Legal,Full-time,Remote,Remote,Unknown
f6409b5bdef8114eca3ffe5ab9456364,Sales & Business Development,Full-time,Remote,Remote,Entry
a001cd798e0155c1ec03446d122da0ba,Sales & Business Development,Contract,OnSite,Not remote,Director
cbf5b5c0c58e7485e79d47b262f87b9e,Construction & Trades,Full-time,OnSite,Not remote,Executive
b71b92782e32385d7d4ec9fcbe7fda5d,Marketing,Full-time,OnSite,Not remote,Director
bf5d56f98b6c78843488f0567f4aad0f,Legal,Contract,Unknown,Not remote,Mid-Senior
a307910fadce109462b377c2703bc423,IT & Software,Contract,Unknown,Not remote,Unknown
8609cbdb6df8c402d33ee0c7fd453767,Design & Creative,Full-time,Unknown,Unknown,Unknown
545b2e20069e4aa07afddaf64e006fa2,Operations & Supply Chain,Full-time,OnSite,Not remote,Unknown
a1c7af863d445ffb492ceb3055167c04,Healthcare,Full-time,Hybrid,Not remote,Mid-Senior
fb80f6c903739cc0da0c04d0e74145e9,Education & Training,Unknown,Unknown,Not remote,Unknown
14ef981c811c0fbebecde47287d771b3,Operations & Supply Chain,Full-time,Unknown,Not remote,Mid-Senior
960ef07f5a3f0ec2eed75e8feab1c75b,Finance & Accounting,Full-time,Unknown,Unknown,Unknown
28e4b78d39e36c877cd570a3085de7ec,Finance & Accounting,Internship,Unknown,Not remote,Unknown
42d7ff6560d336835d9783bcef74eb38,Construction & Trades,Full-time,OnSite,Not remote,Associate
3849c5e16b196db6bc2b2626246f1835,Administration,Full-time,Hybrid,Not remote,Entry
8d5fb07114bb6c1c7aa5f2958017c125,Finance & Accounting,Full-time,Unknown,Not remote,Associate
2a39bd008890e8c69b89fa2da56d9936,Design & Creative,Contract,Unknown,Not remote,Unknown
0715b388d470aaede1f5438358979e74,Customer Service,Full-time,Remote,Remote,Executive
75bcb9a9e231e05f329cf28dcc10bbd9,Hospitality & Food,Full-time,Unknown,Not remote,Director
252879f125f25be232f910449506b5ae,Education & Training,Contract,Remote,Remote,Unknown
24bda6f4f04614201182e6f37779add9,Hospitality & Food,Full-time,OnSite,Not remote,Internship
ca65721c0dad16b2492b180e598d70a5,Finance & Accounting,Contract,Unknown,Not remote,Mid-Senior
725e5e353ccf1186e7f01c2c96462eaa,HR & Recruitment,Contract,Unknown,Not remote,Mid-Senior
472746fc58e0a3045a9726546b06412f,Operations & Supply Chain,Temporary,Unknown,Not remote,Unknown
3c8fde3d2cb98cd22fd39df66c3bc345,Operations & Supply Chain,Full-time,Remote,Remote,Unknown
278cdb92c1722c4b1ae8cff221d39268,Marketing,Full-time,Remote,Remote,Entry
ec88fdc3049fda0a65f927cc036c38bd,Consulting & Strategy,Part-time,Unknown,Not remote,Director
6b7d8857e94754abfb7501e7a5978c9a,Sales & Business Development,Full-time,Unknown,Not remote,Director
f6ebefef1f40a2d84382de2a3fe3c455,IT & Software,Full-time,Unknown,Unknown,Unknown
d9231d014b86f3cd59f56e8cb99ac0eb,Education & Training,Full-time,Unknown,Not remote,Mid-Senior
d8c79dcb19f0532951cfbdc596aa3fe6,Hospitality & Food,Full-time,Unknown,Not remote,Mid-Senior
25dfc2715f53b7c2071e5b2e6cf31968,Construction & Trades,Contract,Unknown,Not remote,Entry
9b700edfd17f89358703e6987ecb6ede,Engineering,Unknown,Unknown,Not remote,Unknown
046de0693e3ebad59daf0078a1c81071,Other,Contract,Unknown,Not remote,Entry
0354f047c12b4fece026ad76f7782a71,Management,Full-time,Remote,Remote,Unknown
22d15890f6c1cde19db74cad74bc818b,Marketing,Full-time,OnSite,Not remote,Executive
500ff3caac892d3bbaf6cddc5c3da924,IT & Software,Full-time,Unknown,Not remote,Director
924a25398af0e9323e3725d79711f8c8,Management,Full-time,Remote,Remote,Director
21695c3f36d997168237fb71c18692eb,Sales & Business Development,Full-time,Unknown,Not remote,Entry
229700274a615836c156fa5fc6b664c7,Sales & Business Development,Full-time,OnSite,Not remote,Mid-Senior
75c4b3c2bfd64cbcaac318c94c33d3b8,HR & Recruitment,Full-time,Unknown,Not remote,Unknown
eeb2f3defa4f92bd5f3f8595eb4a177f,Marketing,Contract,Unknown,Not remote,Mid-Senior
128a78f71c3ef042787a4dbec4b5dfad,Operations & Supply Chain,Full-time,OnSite,Not remote,Mid-Senior
527b7a89e8b60a27fb5029ee64d9eb75,Administration,Full-time,OnSite,Not remote,Mid-Senior
83eed8b5c3d2be015e49e1d148296d78,Hospitality & Food,Full-time,OnSite,Not remote,Entry
ee9ecb77933e3c196a84335dc7685785,Consulting & Strategy,Full-time,Unknown,Not remote,Director
b21aab64f390569e4187bb9144e95ece,Design & Creative,Full-time,OnSite,Not remote,Entry
e77556d8e5e18a2ad04bff53134ce5cd,Management,Unknown,Unknown,Not remote,Mid-Senior
e0736f3b1328048ffd78bae6eaffee25,Other,Contract,Unknown,Not remote,Mid-Senior
2387413a4b033962efa3234af5eb993f,Design & Creative,Full-time,Unknown,Not remote,Unknown
b5bfccee59b5c02eb8198cd002013cfb,Other,Full-time,OnSite,Not remote,Entry
c8d3896d2c5f70593bb72bc8a85b8ea0,Customer Service,Full-time,OnSite,Not remote,Executive
44005a2125dafd06aef533b32a5a989d,Other,Internship,OnSite,Not remote,Internship
ab020d8fd1220203121b0eb4ee23a400,Construction & Trades,Full-time,Unknown,Not remote,Associate
eb4de083ec70dd90e5ef9b9eba5ec1df,Marketing,Internship,OnSite,Not remote,Internship
248343eba981aad74dc65f8ea60460fa,Education & Training,Full-time,OnSite,Not remote,Unknown
73f3758e13ff11d670a1f7f70eaccfc0,Other,Full-time,Remote,Remote,Associate
74a11295922f5e34e45090601f2080d6,Data & Analytics,Full-time,Unknown,Not remote,Associate
47549f22a818de23f517d973367f2525,Operations & Supply Chain,Full-time,Hybrid,Not remote,Associate
3ec8e4e300c2e24214ef7d66c3ed8a47,Design & Creative,Full-time,Unknown,Not remote,Associate
b7803cf7553af479be76e351884c0a7f,HR & Recruitment,Full-time,OnSite,Not remote,Executive
878acd4a5f7a6e9b4f33c9b99b4936f0,Other,Full-time,Unknown,Not remote,Associate
fad1a529ac7b3f0e6f41b8b0fff511a0,Construction & Trades,Full-time,OnSite,Not remote,Mid-Senior
05b6da932615e99714ab2772185bf83e,Administration,Full-time,Unknown,Not remote,Entry
2b3c348f70d93ded77fdc810b4410109,Administration,Full-time,Unknown,Not remote,Associate
c1280a175be4783fd1da5ebea6681dd2,Consulting & Strategy,Full-time,OnSite,Not remote,Mid-Senior
a231a6f2022c2b45ef2e3802089daa62,Education & Training,Full-time,OnSite,Not remote,Internship
eb23477e51985d4f4ce30df731c76cae,Other,Contract,OnSite,Not remote,Entry
7409ee3e3a5ce800259aa30d3fb46c61,Healthcare,Full-time,Unknown,Not remote,Entry
d769b8fb80b913b2d1d13f1169615470,Data & Analytics,Full-time,OnSite,Not remote,Entry
ec232d79e7a1d075f86b1f10dea83477,Management,Contract,Unknown,Not remote,Unknown
ea59ea1693982a22245ea6b52ec536dc,Other,Part-time,OnSite,Not remote,Internship
b4cd5c1713374e8ed0332acecadeabd1,Sales & Business Development,Full-time,Unknown,Not remote,Associate
b58a70fa0e18c1a9dd632661eda04ea1,Design & Creative,Contract,Unknown,Not remote,Mid-Senior
11b360fffaca90180cc3b9e9fc50392c,Other,Contract,Unknown,Not remote,Associate
3420a36a08c97d83482fe45a49a5a687,Sales & Business Development,Unknown,Unknown,Not remote,Entry
37f1f1e62441ed36ae828b984e443ceb,Finance & Accounting,Contract,Remote,Remote,Unknown
f2cea4939210bfeb4642f4e8445d3701,Sales & Business Development,Full-time,OnSite,Not remote,Associate
9390f9dc26db4a2e1346a1d20e7e9abe,IT & Software,Full-time,Unknown,Not remote,Executive
7303277636040a2ecbc4d3bf5dc142e4,Administration,Full-time,OnSite,Not remote,Director
7c3a315761a332cb7ad4b43cff53d648,Other,Full-time,Remote,Remote,Director
2a2851662192fc7e60c8589408f34655,Sales & Business Development,Part-time,OnSite,Not remote,Director
a24d56459ad89a4d52c7d0f87f96c8f5,Marketing,Unknown,Unknown,Unknown,Unknown
5141166db2ba18744f840e7308380f90,Sales & Business Development,Full-time,Unknown,Not remote,Mid-Senior
bd9c1e83eef4d0dbc108cd67e6555c85,Sales & Business Development,Unknown,Unknown,Unknown,Unknown
b9784478ad382bc426073893f3a57212,Other,Internship,Unknown,Not remote,Unknown
44a8f0c1c9526300459c2e25b74097cf,Operations & Supply Chain,Full-time,Unknown,Not remote,Unknown
da0ca8254a3f730cc0a5f0a0249cab48,Engineering,Full-time,Unknown,Not remote,Mid-Senior
66f0f0d5cad464ddfec862106d7ed201,Management,Full-time,Unknown,Not remote,Director
621f528f10c1e4846463f6333b4af12f,Hospitality & Food,Temporary,Unknown,Not remote,Unknown
05c36fda18a362c772706d12f94eddd3,IT & Software,Full-time,Unknown,Not remote,Entry
72164470ed8d859148d18b588d44deb8,Operations & Supply Chain,Full-time,Unknown,Not remote,Entry
12438ede35b435d20c9720a3dd6abb5c,Design & Creative,Contract,Unknown,Not remote,Entry
d39c3f913e7a90fbbcd9dd035f71114d,Operations & Supply Chain,Full-time,Remote,Remote,Mid-Senior
53973dddacb344789d3103b83e74611c,Consulting & Strategy,Unknown,Unknown,Not remote,Unknown
09d71c22d2bbbd0adb77556ef04a5005,Operations & Supply Chain,Full-time,OnSite,Not remote,Associate
12e0ad8e7397aaa0dd26ed6bf2a64a74,IT & Software,Full-time,Remote,Remote,Mid-Senior
8c88cd31d4e7e107aa9efc0bcfabd68d,Construction & Trades,Full-time,Unknown,Not remote,Director
2deda322c146f46aeb2b4af4158404af,Operations & Supply Chain,Contract,Unknown,Not remote,Mid-Senior
ed940e46bd207a8516585a4e4a8d7e87,Finance & Accounting,Full-time,Remote,Remote,Unknown
0de5ea5f53d7ff00321af49542e3f37c,Legal,Full-time,Unknown,Not remote,Mid-Senior
e8100f053a1edcb6d9ee5c8dcce9d509,Engineering,Full-time,Unknown,Not remote,Director
2121e6354c67890e7b9abc289777e6a3,Sales & Business Development,Contract,Unknown,Not remote,Mid-Senior
b08ddd4a4ce876e03fb334dc0eaeb862,Finance & Accounting,Full-time,Unknown,Not remote,Director
b8e5eea326cd13b2670253cdcb32366e,Sales & Business Development,Full-time,Remote,Remote,Executive
e018f10cb7f762a2135591d08a283aca,Other,Contract,OnSite,Not remote,Associate
071f53ebb552f1d8f02e92deed0680c1,Hospitality & Food,Contract,OnSite,Not remote,Entry
78fa9fc745ff0af9fa2a07a65c84cd6b,Marketing,Full-time,Unknown,Not remote,Unknown
28e7478c980e5c9b4ad86d8772b85f6a,Marketing,Full-time,Unknown,Not remote,Associate
626ef3a93b35d307995ce18ae390241e,Administration,Full-time,Remote,Remote,Unknown
fa43c71df02a75607f272cc2b8bf9dc4,Administration,Full-time,OnSite,Not remote,Executive
ad3c51c179bb5929f57f9038f1120ef1,Management,Full-time,OnSite,Not remote,Executive
f3087001df2564d8eb3be77bc01f3c89,Administration,Full-time,OnSite,Not remote,Unknown
af08adf2f7ccd54217d5833086273beb,Customer Service,Full-time,OnSite,Not remote,Mid-Senior
e988008b1bb218a8cbd2efc50e4b11d1,Other,Full-time,Hybrid,Not remote,Unknown
6a58488f4c9ece11f55fe474e0139428,Engineering,Contract,Remote,Remote,Unknown
97a801a74ac9f16e9353c6e7d588d325,Management,Contract,Remote,Remote,Associate
42d21619877f786d80e4d90c0382cdc9,IT & Software,Full-time,Remote,Remote,Unknown
00d44274d06f288f861e1c5353c1c530,Operations & Supply Chain,Full-time,Unknown,Not remote,Executive
627a0711de042f0a787a2feb0b09a890,Other,Full-time and Part-time,Unknown,Not remote,Unknown
9e8a4477b9c21307bd03f4d35a128a0b,Hospitality & Food,Contract,Unknown,Not remote,Unknown
a5ce80e6309e68f71eebfb5a55bd3e40,Management,Full-time,Hybrid,Not remote,Entry
1072ff38199fc52439cfe22ca483f959,Sales & Business Development,Full-time,Remote,Remote,Associate
3433d8cfc6813811175011b58b15e0a2,Administration,Contract,Unknown,Not remote,Mid-Senior
6baef3a16e5a920bd5bcd92e5b49d1a8,Healthcare,Full-time,OnSite,Not remote,Unknown
a554a09162d88a5c43826e8134868fcc,Data & Analytics,Full-time,Unknown,Not remote,Director
deea06e14f0cd73fb8126dcf139b0cd5,Other,Full-time,Hybrid,Not remote,Associate
ad1e6a67a082f8a7e42e8e4c85aef5ee,Operations & Supply Chain,Full-time,OnSite,Not remote,Executive
1428a21c300e2bf41ab1507c6efdea07,Engineering,Internship,OnSite,Not remote,Unknown
f6db207a67f09fcfeffa7dc5b0c2bb02,Consulting & Strategy,Unknown,Unknown,Unknown,Unknown
cf1fd28979bf7b7c7ee807ac2249ed5f,Management,Unknown,Unknown,Unknown,Unknown
0e5e1a2e71f028cce9f93494fb5f31e1,Hospitality & Food,Full-time,OnSite,Not remote,Associate
9e7f2b484d7b5a6864ae7d7c43e58186,Construction & Trades,Full-time,Unknown,Not remote,Entry
b01887f4b0033d501b45fcdbe3f19830,Education & Training,Full-time,Unknown,Not remote,Entry
1ecea3a4b41139d9168d22afa5a9ffb9,Customer Service,Unknown,Unknown,Unknown,Unknown
b388abb290941c285baa6f8d620fbfb4,Data & Analytics,Full-time,OnSite,Not remote,Mid-Senior
ce8f1cdeb70ff11042e16db0f2fe49f2,Operations & Supply Chain,Full-time,Unknown,Not remote,Director
0792d67a12157c9c85b84236cc2e8fb2,IT & Software,Full-time,Unknown,Not remote,Mid-Senior
bd5dacb61ad7ad9e694e4d50d8a76e87,Legal,Full-time,Hybrid,Not remote,Unknown
cce489dcbf633f06b15c2b292455f07e,HR & Recruitment,Full-time,Remote,Remote,Mid-Senior
c473d295a721fc3899fc2ebbdec50390,Data & Analytics,Unknown,Unknown,Not remote,Unknown
a748be3fcd77695858739c199ce59908,Education & Training,Full-time,OnSite,Not remote,Mid-Senior
536aa405daa4a378b10b104d4b4d1cbd,IT & Software,Contract,Unknown,Not remote,Mid-Senior
57b45c8698536437313aa6bf0245cc76,Construction & Trades,Unknown,Unknown,Not remote,Mid-Senior
d4eac29671a9374636351d3c5ae1b828,Other,Full-time,Unknown,Unknown,Unknown
68beac9497a5d61b56080c3750a0ec82,Finance & Accounting,Contract,Unknown,Not remote,Associate
cf31e825574c523ad106c98b2000ad4c,Other,Full-time,Remote,Remote,Entry
2173658c3a568b682955797a98cc726c,HR & Recruitment,Full-time,OnSite,Not remote,Associate
8ec6dcd422f2b3606e8f990423a0b169,Operations & Supply Chain,Full-time,Unknown,Not remote,Associate
b11bc14c53820adcdda4b45818c5c6e1,Design & Creative,Contract,OnSite,Not remote,Entry
69b94e803e6775115bcd5d1ac327d965,Marketing,Full-time,OnSite,Not remote,Unknown
f01f79894c01c5a20387ced4d101367f,Design & Creative,Full-time,OnSite,Not remote,Internship
fb2e4d888d77cf0c334f1363726c6389,Healthcare,Full-time,OnSite,Not remote,Entry
7d3a26ef7ee755532d85d8e7559d51f8,Consulting & Strategy,Contract,Remote,Remote,Unknown
564ce516db464c700732f5d8d91f2241,HR & Recruitment,Internship,Unknown,Not remote,Unknown
8cd7d3378dd0cb4968e8b76d606d1d25,Consulting & Strategy,Full-time,Unknown,Not remote,Entry
e6e697e74342e34b5317b9b82c63000b,Sales & Business Development,Contract,OnSite,Not remote,Mid-Senior
9355e83c262d3990ae4dda5fd0da1f1c,Management,Contract,Unknown,Not remote,Director
ecc46a32259a6f08440fc480efb0f09c,Other,Full-time,Remote,Remote,Unknown
e09056fa92e160c4e3cd746b0f3d387c,Consulting & Strategy,Full-time,Unknown,Not remote,Unknown
770c9a37957926edbfcdcb764d70456e,Construction & Trades,Full-time,OnSite,Not remote,Entry
79518880c2029e8188a229acf31f7be9,Hospitality & Food,Full-time,Remote,Remote,Mid-Senior
1deaade519a276dd5292e062a8a27464,Education & Training,Part-time,Unknown,Not remote,Unknown
6ea06b183f90af44ce3711808e30bd81,Administration,Contract,OnSite,Not remote,Associate
396501740ec281ac2005a6087c321ae4,Sales & Business Development,Full-time,Remote,Remote,Mid-Senior
c4f6bcda694e5e1383aff3d0230c68d8,Healthcare,Full-time,Remote,Remote,Unknown
449f12b36a164cd45957bbdf4bfa364c,Education & Training,Full-time,OnSite,Not remote,Entry
754caa32a5d0280b7f27e7d78612acbc,Legal,Full-time,Unknown,Not remote,Unknown
9881f48300cdfb67f9c43bfc058be625,Administration,Internship,OnSite,Not remote,Internship
c2c98280816560d1a6e17819db1277ec,Legal,Contract,Remote,Remote,Director
03c5ac4d6cf6bdfeac45c4b8b98bd096,Management,Part-time,Unknown,Not remote,Unknown
9936a97f902500367de79261bad86152,Other,Part-time,Remote,Remote,Mid-Senior
6641a28e2436ee2a93ac5192006f89da,Sales & Business Development,Full-time,Remote,Remote,Unknown
e02901829a04dfb5cf8bfc54c67a6aae,Healthcare,Contract,Unknown,Not remote,Mid-Senior
1c60d8e7edbe7fdefd422221fefa190d,Marketing,Full-time,Hybrid,Not remote,Unknown
a4907886f931a92e6c7e96adcd08f062,Design & Creative,Full-time,OnSite,Not remote,Unknown
3595546613ac30619d7be46b219777ee,Consulting & Strategy,Full-time,Unknown,Not remote,Associate
0e091d4f33b1448ed0b16251f32810d2,Education & Training,Full-time,Remote,Remote,Unknown
a797d2c2061602b00ad2e0b9b690410b,Design & Creative,Full-time,Remote,Remote,Mid-Senior
9ce5f7b16b18a5aa4544b23f499a6200,Administration,Part-time,Remote,Remote,Unknown
2371b57cb77978f57d74126f02d9d10d,Consulting & Strategy,Full-time,Remote,Remote,Entry
7790491e660d01531db191a012ebf75a,HR & Recruitment,Full-time,Unknown,Not remote,Associate
f8c0ae1f45ef42ad3898e634eec0e496,Healthcare,Full-time,Unknown,Not remote,Associate
ea10a191405987fc277f1a34fe2985f5,IT & Software,Full-time,OnSite,Not remote,Entry
f6a924706c4238e9021b16e6a2eb7870,Construction & Trades,Full-time,Remote,Remote,Unknown
